<?xml version="1.0" encoding="UTF-8" standalone="no"?><TaskList Version="2.0"><Task Active="false" ConnectorKind="local" CreationDate="2015-09-25 10:49:21.384 +0200" DueDate="" EndDate="" Estimated="0" Handle="local-1" Kind="bugzilla" Label="New Task" LastModified="now" MarkReadPending="true" ModificationDate="" Notes="" NotifiedIncoming="true" Owner="local" Priority="P3" Reminded="false" RepositoryUrl="local" ScheduledEndDate="2015-09-27 23:59:59.999 +0200" ScheduledStartDate="2015-09-21 00:00:00.0 +0200" Stale="false" TaskId="1" offlineSyncState="OUTGOING_NEW"><Attribute Key="outgoingNewRepositoryUrl">https://bugs.eclipse.org/bugs</Attribute><Attribute Key="outgoingNewConnectorKind">bugzilla</Attribute></Task><Task Active="false" ConnectorKind="local" CreationDate="2015-09-25 10:49:36.527 +0200" DueDate="" EndDate="" Estimated="0" Handle="local-2" Kind="task" Label="New Task" LastModified="now" MarkReadPending="false" ModificationDate="" Notes="" NotifiedIncoming="true" Owner="local" Priority="P3" Reminded="false" RepositoryUrl="local" ScheduledEndDate="2015-09-27 23:59:59.999 +0200" ScheduledStartDate="2015-09-21 00:00:00.0 +0200" Stale="false" TaskId="2" offlineSyncState="SYNCHRONIZED"/><TaskCategory Handle="Uncategorized" Name="Uncategorized"><TaskReference Handle="local-2"/></TaskCategory></TaskList>